INSERT INTO Studenci VALUES ('45364', 'Taylor', 'Podolyak', '570-161-046', 'Podolyak@gmail.com', '4');
INSERT INTO Studenci VALUES ('12345', 'John', 'Doe', '555-123-456', 'john.doe@example.com', '3');
INSERT INTO Studenci VALUES ('98765', 'Jane', 'Smith', '555-987-654', 'jane.smith@example.com', '5');
INSERT INTO Studenci VALUES ('11111', 'Alice', 'Johnson', '555-111-222', 'alice.johnson@example.com', '2');
INSERT INTO Studenci VALUES ('99999', 'Bob', 'Williams', '555-999-888', 'bob.williams@example.com', '6');
INSERT INTO Studenci VALUES ('77777', 'Eva', 'Brown', '555-777-666', 'eva.brown@example.com', '1');
INSERT INTO Studenci VALUES ('44444', 'Michael', 'White', '555-444-333', 'michael.white@example.com', '3');
INSERT INTO Studenci VALUES ('88888', 'Sophia', 'Miller', '555-888-777', 'sophia.miller@example.com', '5');
INSERT INTO Studenci VALUES ('22222', 'David', 'Davis', '555-222-111', 'david.davis@example.com', '1');
INSERT INTO Studenci VALUES ('66666', 'Olivia', 'Taylor', '555-666-555', 'olivia.taylor@example.com', '3');
INSERT INTO Studenci VALUES ('33333', 'William', 'Wilson', '555-333-000', 'william.wilson@example.com', '5');
INSERT INTO Studenci VALUES ('55555', 'Emma', 'Evans', '555-555-999', 'emma.evans@example.com', '7');
INSERT INTO Studenci VALUES ('12121', 'Matthew', 'Martin', '555-121-454', 'matthew.martin@example.com', '8');
INSERT INTO Studenci VALUES ('45454', 'Ava', 'Anderson', '555-454-757', 'ava.anderson@example.com', '4');
INSERT INTO Studenci VALUES ('87878', 'Daniel', 'Dixon', '555-878-363', 'daniel.dixon@example.com', '3');
INSERT INTO Studenci VALUES ('34343', 'Mia', 'Morris', '555-343-656', 'mia.morris@example.com', '5');
INSERT INTO Studenci VALUES ('76767', 'James', 'Jones', '555-767-969', 'james.jones@example.com', '1');
INSERT INTO Studenci VALUES ('23232', 'Amelia', 'Allen', '555-232-272', 'amelia.allen@example.com', '2');
INSERT INTO Studenci VALUES ('60606', 'Benjamin', 'Bennett', '555-606-575', 'benjamin.bennett@example.com', '6');
INSERT INTO Studenci VALUES ('98989', 'Chloe', 'Clark', '555-989-888', 'chloe.clark@example.com', '2');

INSERT INTO Pracownicy VALUES ('134275', 'Ralf', 'Mate', '274-576-126');
INSERT INTO Pracownicy VALUES ('234876', 'Anna', 'Nowak', '345-789-012');
INSERT INTO Pracownicy VALUES ('345189', 'Jan', 'Kowalski', '456-123-789');
INSERT INTO Pracownicy VALUES ('456592', 'Ewa', 'Wisniewska', '567-234-901');
INSERT INTO Pracownicy VALUES ('567904', 'Piotr', 'Lis', '678-345-210');
INSERT INTO Pracownicy VALUES ('678217', 'Katarzyna', 'Wojcik', '789-456-123');
INSERT INTO Pracownicy VALUES ('789520', 'Marek', 'Dabrowski', '890-567-234');
INSERT INTO Pracownicy VALUES ('890833', 'Joanna', 'Kaczmarek', '901-678-345');
INSERT INTO Pracownicy VALUES ('901146', 'Tomasz', 'Jankowski', '012-789-456');
INSERT INTO Pracownicy VALUES ('112459', 'Magdalena', 'Wrobel', '123-890-567');
INSERT INTO Pracownicy VALUES ('223762', 'Adam', 'Majewski', '234-901-678');

INSERT INTO Oceny VALUES ('45364', 'Matematyka', 3.5, '2', 'Niezatwierdzona', '2003-10-20');
INSERT INTO Oceny VALUES ('45364', 'Fizyka', 4.0, '5', 'Zatwierdzona', '2003-11-15');
INSERT INTO Oceny VALUES ('12345', 'Chemia', 3.0, '7', 'Niezatwierdzona', '2003-12-01');
INSERT INTO Oceny VALUES ('12345', 'Informatyka', 4.5, '1', 'Zatwierdzona', '2004-01-05');
INSERT INTO Oceny VALUES ('98765', 'Biologia', 2.0, '5', 'Niezatwierdzona', '2004-02-10');
INSERT INTO Oceny VALUES ('98765', 'Historia', 3.0, '3', 'Zatwierdzona', '2004-03-18');
INSERT INTO Oceny VALUES ('99999', 'Angielski', 4.0, '3', 'Niezatwierdzona', '2004-04-22');
INSERT INTO Oceny VALUES ('99999', 'Geografia', 3.5, '1', 'Zatwierdzona', '2004-05-30');
INSERT INTO Oceny VALUES ('77777', 'Etyka', 4.5, '5', 'Niezatwierdzona', '2004-06-12');
INSERT INTO Oceny VALUES ('77777', 'Wychowanie fizyczne', 3.0, '5', 'Zatwierdzona', '2004-07-25');
INSERT INTO Oceny VALUES ('44444', 'Muzyka', 4.0, '3', 'Niezatwierdzona', '2004-08-14');
INSERT INTO Oceny VALUES ('44444', 'Plastyka', 3.5, '3', 'Zatwierdzona', '2004-09-03');
INSERT INTO Oceny VALUES ('88888', 'Matematyka', 3.0, '3', 'Niezatwierdzona', '2004-10-08');
INSERT INTO Oceny VALUES ('88888', 'Fizyka', 4.5, '3', 'Zatwierdzona', '2004-11-17');
INSERT INTO Oceny VALUES ('66666', 'Chemia', 2.0, '5', 'Niezatwierdzona', '2004-12-22');
INSERT INTO Oceny VALUES ('66666', 'Informatyka', 3.5, '6', 'Zatwierdzona', '2005-01-30');
INSERT INTO Oceny VALUES ('33333', 'Biologia', 4.0, '2', 'Niezatwierdzona', '2005-02-05');
INSERT INTO Oceny VALUES ('33333', 'Historia', 3.0, '3', 'Zatwierdzona', '2005-03-10');
INSERT INTO Oceny VALUES ('55555', 'Angielski', 4.0, '2', 'Niezatwierdzona', '2005-04-18');
INSERT INTO Oceny VALUES ('22222', 'Geografia', 3.5, '7', 'Zatwierdzona', '2005-05-27');

INSERT INTO Wniosek_o_stypendium VALUES ('1934', '2005-01-30', 'Zaakceptowany', 7000, '66666', '567904');
INSERT INTO Wniosek_o_stypendium VALUES ('2045', '2005-02-15', 'Niezaakceptowany', 0, '77777', '234876');
INSERT INTO Wniosek_o_stypendium VALUES ('2156', '2005-03-02', 'Zaakceptowany', 6000, '33333', '345189');
INSERT INTO Wniosek_o_stypendium VALUES ('2267', '2005-04-18', 'Zaakceptowany', 8000, '99999', '567904');
INSERT INTO Wniosek_o_stypendium VALUES ('2378', '2005-05-27', 'Niezaakceptowany', 0, '45454', '678217');
INSERT INTO Wniosek_o_stypendium VALUES ('2489', '2005-06-12', 'Zaakceptowany', 7500, '76767', '789520');
INSERT INTO Wniosek_o_stypendium VALUES ('2501', '2005-07-25', 'Niezaakceptowany', 0, '76767', '567904');
INSERT INTO Wniosek_o_stypendium VALUES ('2612', '2005-08-14', 'Niezaakceptowany', 0, '45454', '890833');
INSERT INTO Wniosek_o_stypendium VALUES ('2723', '2005-09-03', 'Zaakceptowany', 9000, '60606', '890833');
INSERT INTO Wniosek_o_stypendium VALUES ('2834', '2005-10-08', 'Niezaakceptowany', 0, '60606', '678217');
INSERT INTO Wniosek_o_stypendium VALUES ('2945', '2005-11-17', 'Niezaakceptowany', 0, '98989', '567904');
INSERT INTO Wniosek_o_stypendium VALUES ('3056', '2005-12-22', 'Zaakceptowany', 7000, '98989', '678217');
INSERT INTO Wniosek_o_stypendium VALUES ('3167', '2006-01-30', 'Zaakceptowany', 8000, '11111', '345189');
INSERT INTO Wniosek_o_stypendium VALUES ('3278', '2006-02-05', 'Niezaakceptowany', 0, '12121', '234876');
INSERT INTO Wniosek_o_stypendium VALUES ('3389', '2006-03-10', 'Zaakceptowany', 7500, '12121', '567904');
INSERT INTO Wniosek_o_stypendium VALUES ('3490', '2006-04-18', 'Zaakceptowany', 7000, '33333', '890833');
INSERT INTO Wniosek_o_stypendium VALUES ('3501', '2006-05-27', 'Niezaakceptowany', 0, '44444', '901146');
INSERT INTO Wniosek_o_stypendium VALUES ('3612', '2006-06-12', 'Zaakceptowany', 9000, '55555', '345189');
INSERT INTO Wniosek_o_stypendium VALUES ('3723', '2006-07-25', 'Zaakceptowany', 6500, '66666', '456592');
INSERT INTO Wniosek_o_stypendium VALUES ('3834', '2006-08-14', 'Niezaakceptowany', 0, '77777', '234876');

INSERT INTO Wniosek_o_stypendium_naukowe VALUES ('Inżynieria chemiczna', '1934');
INSERT INTO Wniosek_o_stypendium_naukowe VALUES ('Fizyka teoretyczna', '2045');
INSERT INTO Wniosek_o_stypendium_naukowe VALUES ('Biologia molekularna', '2156');
INSERT INTO Wniosek_o_stypendium_naukowe VALUES ('Informatyka kwantowa', '2267');
INSERT INTO Wniosek_o_stypendium_naukowe VALUES ('Psychologia społeczna', '2378');

INSERT INTO Wniosek_o_stypendium_socjalne VALUES (36000, 'Zwykła', '2489');
INSERT INTO Wniosek_o_stypendium_socjalne VALUES (42000, 'Osoba niepełnosprawna', '2501');
INSERT INTO Wniosek_o_stypendium_socjalne VALUES (30000, 'Zwykła', '2612');
INSERT INTO Wniosek_o_stypendium_socjalne VALUES (48000, 'Jednorodzinna z dzieckiem niepełnosprawnym', '2723');
INSERT INTO Wniosek_o_stypendium_socjalne VALUES (25000, 'Zwykła', '2834');

INSERT INTO Wniosek_o_stypendium_sportowe VALUES ('Piłka nożna', '2945');
INSERT INTO Wniosek_o_stypendium_sportowe VALUES ('Siatkówka', '3056');
INSERT INTO Wniosek_o_stypendium_sportowe VALUES ('Biegi narciarskie', '3167');
INSERT INTO Wniosek_o_stypendium_sportowe VALUES ('Pływanie', '3278');
INSERT INTO Wniosek_o_stypendium_sportowe VALUES ('Koszykówka', '3389');

INSERT INTO Wyniki_naukowe VALUES ('1', '66666', 'Publikacja naukowa', '2005-01-15', null, '1934');
INSERT INTO Wyniki_naukowe VALUES ('2', '66666', 'Konferencja naukowa', '2005-02-28', 'Nagroda za najlepszą prezentację', '1934');
INSERT INTO Wyniki_naukowe VALUES ('3', '66666', 'Projekt badawczy', '2005-03-12', null, '1934');
INSERT INTO Wyniki_naukowe VALUES ('4', '66666', 'Artykuł naukowy', '2005-04-18', null, '1934');
INSERT INTO Wyniki_naukowe VALUES ('5', '77777', 'Konkurs studencki', '2005-05-27', 'Nagroda główna', '2045');
INSERT INTO Wyniki_naukowe VALUES ('6', '77777', 'Wykład na konferencji', '2005-06-12', null, '2045');
INSERT INTO Wyniki_naukowe VALUES ('7', '77777', 'Projekt inżynierski', '2005-07-25', 'Nagroda za innowacyjność', '2045');
INSERT INTO Wyniki_naukowe VALUES ('8', '77777', 'Praca magisterska', '2005-08-14', null, '2045');
INSERT INTO Wyniki_naukowe VALUES ('9', '33333', 'Artykuł naukowy', '2005-09-03', null, '2156');
INSERT INTO Wyniki_naukowe VALUES ('10', '33333', 'Konferencja naukowa', '2005-10-08', 'Nagroda za prezentację plakatu', '2156');
INSERT INTO Wyniki_naukowe VALUES ('11', '33333', 'Konkurs studencki', '2005-11-17', 'Nagroda za najlepszą pracę badawczą', '2156');
INSERT INTO Wyniki_naukowe VALUES ('12', '33333', 'Projekt badawczy', '2005-12-22', null, '2156');
INSERT INTO Wyniki_naukowe VALUES ('13', '99999', 'Publikacja naukowa', '2005-01-30', 'Nagroda za oryginalność', '2267');
INSERT INTO Wyniki_naukowe VALUES ('14', '99999', 'Konferencja naukowa', '2005-02-05', null, '2267');
INSERT INTO Wyniki_naukowe VALUES ('15', '99999', 'Artykuł naukowy', '2005-03-10', 'Nagroda za wkład w rozwój dziedziny', '2267');
INSERT INTO Wyniki_naukowe VALUES ('16', '99999', 'Konkurs studencki', '2005-04-18', null, '2267');
INSERT INTO Wyniki_naukowe VALUES ('17', '45454', 'Projekt inżynierski', '2005-05-27', 'Nagroda za najlepsze rozwiązanie', '2378');
INSERT INTO Wyniki_naukowe VALUES ('18', '45454', 'Praca magisterska', '2005-06-12', null, '2378');
INSERT INTO Wyniki_naukowe VALUES ('19', '45454', 'Artykuł naukowy', '2005-07-25', 'Nagroda za doskonałość w badaniach', '2378');
INSERT INTO Wyniki_naukowe VALUES ('20', '45454', 'Konferencja naukowa', '2005-08-14', null, '2378');

INSERT INTO Wyniki_sportowe VALUES ('1', '567904', 'Turniej Akademicki "Kopnięci Studenci', '2023-01-15', 'Medal złoty', '2945');
INSERT INTO Wyniki_sportowe VALUES ('2', '567904', 'Uniwersytecki Puchar Piłki Nożnej', '2023-02-20', 'Puchar', '2945');
INSERT INTO Wyniki_sportowe VALUES ('3', '567904', 'Mistrzostwa Studenckie w Piłce Nożnej', '2023-03-05', 'Dyplom', '2945');
INSERT INTO Wyniki_sportowe VALUES ('4', '567904', 'Puchar Uniwersytetu Technicznego w Piłce Nożnej', '2023-04-10', 'Medal brązowy', '2945');
INSERT INTO Wyniki_sportowe VALUES ('5', '678217', 'Turniej Integracyjny Siatkówki', '2023-05-15', 'Puchar', '3056');
INSERT INTO Wyniki_sportowe VALUES ('6', '678217', 'Turniej Mistrzowski', '2023-06-20', 'Medal złoty', '3056');
INSERT INTO Wyniki_sportowe VALUES ('7', '678217', 'Siatkarska Liga Akademicka', '2023-07-25', 'Puchar', '3056');
INSERT INTO Wyniki_sportowe VALUES ('8', '678217', 'Turniej Studencki - Wiosenna Edycja', '2023-08-30', 'Dyplom', '3056');
INSERT INTO Wyniki_sportowe VALUES ('9', '345189', 'Studencki Turniej Biegów Narciarskich', '2023-09-05', 'Medal srebrny', '3167');
INSERT INTO Wyniki_sportowe VALUES ('10', '345189', 'Zimowy Turniej Studencki - Narciarstwo Klasyczne', '2023-10-10', 'Puchar', '3167');
INSERT INTO Wyniki_sportowe VALUES ('11', '345189', 'Górska Akademicka Liga Narciarska', '2023-11-15', 'Medal złoty', '3167');
INSERT INTO Wyniki_sportowe VALUES ('12', '345189', 'Studenckie Zawody Narciarskie - Sprinty Klasyczne', '2023-12-20', 'Puchar', '3167');
INSERT INTO Wyniki_sportowe VALUES ('13', '234876', 'Studencki Turniej Pływacki', '2024-01-25', 'Dyplom', '3278');
INSERT INTO Wyniki_sportowe VALUES ('14', '234876', 'Mistrzostwa Studenckie w Pływaniu Długodystansowym', '2024-02-28', 'Medal brązowy', '3278');
INSERT INTO Wyniki_sportowe VALUES ('15', '234876', 'Puchar Uniwersytetu Pływackiego', '2024-03-05', 'Puchar', '3278');
INSERT INTO Wyniki_sportowe VALUES ('16', '234876', 'Akademickie Zawody Pływackie', '2024-04-10', 'Medal złoty', '3278');
INSERT INTO Wyniki_sportowe VALUES ('17', '567904', 'Turniej Koszykówki 3x3', '2024-05-15', 'Puchar', '3389');
INSERT INTO Wyniki_sportowe VALUES ('18', '567904', 'Ligowe Mistrzostwa Koszykówki', '2024-06-20', 'Dyplom', '3389');
INSERT INTO Wyniki_sportowe VALUES ('19', '567904', 'Turniej Studencki Streetball', '2024-07-25', 'Medal srebrny', '3389');
INSERT INTO Wyniki_sportowe VALUES ('20', '567904', 'Mistrzostwa Akademickie w Koszykówce', '2024-08-30', 'Puchar', '3389');

INSERT INTO Wyplata VALUES('23', '2005-06-12', 1200, 'Wypłacono', '1934');
INSERT INTO Wyplata VALUES('24', '2005-07-15', 1500, 'Wypłacono', '2045');
INSERT INTO Wyplata VALUES('25', null, 1000, 'Niewypłacono', '2156');
INSERT INTO Wyplata VALUES('26', '2005-09-18', 1800, 'Wypłacono', '2267');
INSERT INTO Wyplata VALUES('27', '2005-10-22', 1300, 'Wypłacono', '2378');
INSERT INTO Wyplata VALUES('28', null, 1600, 'Niewypłacono', '2489');
INSERT INTO Wyplata VALUES('29', '2005-12-15', 1400, 'Wypłacono', '2501');
INSERT INTO Wyplata VALUES('30', '2006-01-30', 1700, 'Wypłacono', '2612');
INSERT INTO Wyplata VALUES('31', '2006-02-14', 1100, 'Wypłacono', '2723');
INSERT INTO Wyplata VALUES('32', null, 1900, 'Niewypłacono', '2834');
INSERT INTO Wyplata VALUES('33', '2006-04-08', 1250, 'Wypłacono', '2945');
INSERT INTO Wyplata VALUES('34', null, 1550, 'Niewypłacono', '3056');
INSERT INTO Wyplata VALUES('35', '2006-06-02', 1450, 'Wypłacono', '3167');
INSERT INTO Wyplata VALUES('36', '2006-07-25', 1750, 'Wypłacono', '3278');
INSERT INTO Wyplata VALUES('37', '2006-08-10', 1200, 'Wypłacono', '3389');
INSERT INTO Wyplata VALUES('38', '2006-09-15', 1500, 'Wypłacono', '3490');
INSERT INTO Wyplata VALUES('39', null, 1300, 'Niewypłacono', '3501');
INSERT INTO Wyplata VALUES('40', '2006-11-25', 1600, 'Wypłacono', '3612');
INSERT INTO Wyplata VALUES('41', '2006-12-30', 1400, 'Wypłacono', '3723');
INSERT INTO Wyplata VALUES('42', '2007-01-15', 1700, 'Wypłacono', '3834');
